               ID,name,age,gender,email
1,Peter Poole,30,Male,po@zalowpo.az
2,Herbert Payne,46,Female,zos@toilet.bn
3,Callie Roy,57,Male,kapkapor@reckeho.ye
4,Isabella Wolfe,61,Female,atuigome@asedas.io
5,Sara Knight,53,Female,dudnukob@ucboki.tg
6,Raymond Herrera,23,Male,tolpij@ni.lu
7,Jeffery Brooks,65,Male,anirus@ajjuhu.mw
8,Lillie Barnett,55,Male,besi@vodje.hr
9,Emma Alvarez,21,Male,ze@ebo.jm
10,Estella Rhodes,27,Male,ez@jewe.si
11,Eugene West,18,Female,hohobum@janucke.vn
12,Ollie Blake,57,Male,big@ipjus.dm
13,Catherine Oliver,47,Female,jakag@lozzivde.eu
14,Vera Boyd,64,Female,hifi@ariwu.zm
15,Dylan Hubbard,65,Male,ipren@ra.ml
16,Ada Barber,65,Male,roromo@tum.mh
17,Brett Ford,46,Male,wob@rames.fm
18,Estelle Abbott,23,Female,derekic@tokap.ug
19,Derek Gonzalez,26,Female,kuhuza@ludoj.be
20,Caroline Patrick,37,Female,digid@feah.ax
21,Jimmy Hodges,27,Female,lohikego@ejla.sz
22,Danny Brewer,47,Male,epusor@rep.mr
23,Luis Pope,58,Female,fuwojav@raluefe.sc
24,Lydia Bowman,42,Female,retcul@wugug.fr
25,Gussie Douglas,62,Female,jehofi@padispa.ph
26,Todd Dennis,55,Female,igeun@efte.pe
27,Ruth Berry,49,Female,ajfa@ter.pm
28,Peter Walker,41,Male,sa@ehmuj.km
29,Olive Hayes,28,Male,tecekwaw@duv.bz
30,Celia Alvarado,59,Female,vaw@ijemiwo.cg
31,Susan Zimmerman,62,Male,kadluom@mopcelad.pw
32,Georgie Caldwell,64,Female,za@ditar.es
33,Duane Montgomery,23,Male,idecahe@jelecuh.er
34,Bettie Harris,48,Male,vofoboj@duwuv.ni
35,Sue Davis,53,Female,ze@albor.edu
36,Floyd Conner,22,Female,jukigifen@tuvme.ni
37,Philip Carr,19,Male,ruv@ojdizluv.tt
38,Nell Butler,24,Female,gad@omu.com
39,Leah Harvey,39,Female,bocojheb@ulpeti.co.uk
40,Marvin Rodriquez,38,Male,guba@el.az
41,Connor Hammond,24,Female,bumev@bakec.sk
42,Esther Thomas,53,Male,ibosisun@jec.lv
43,Dorothy McDaniel,34,Male,iraegke@ulihib.as
44,Hunter McKinney,50,Female,upudo@lajbis.br
45,Kevin Townsend,46,Male,velelowa@ginno.cy
46,Linnie Shaw,20,Female,zujnuno@kuh.ly
47,Rodney Blake,46,Female,wuv@cunpufepe.tr
48,Hulda Boone,50,Male,dep@falzife.mr
49,Jon Perez,60,Male,relujeif@ba.do
50,Louise Moran,39,Male,nivug@sadopow.mg
51,Adam Armstrong,55,Female,ug@carzegup.sr
52,Danny Holland,56,Female,ompo@navbe.com
53,Claudia Roberts,33,Male,asawumlal@mal.ie
54,Marie Valdez,43,Male,de@ize.mr
55,Ruby Phelps,41,Male,vicuwduk@co.ps
56,Daisy Crawford,63,Female,vu@wudpoc.tg
57,Ruby Evans,32,Female,vufju@kiv.br
58,Leroy Fox,23,Female,ba@wacu.pf
59,Luis Wagner,52,Female,tocmovaz@cojafi.sh
60,Isaiah Conner,40,Female,lazkiebi@melo.cd
61,Aaron Weber,48,Female,getif@kusodicik.ni
62,Max Carlson,34,Female,zi@eno.tp
63,Delia Jefferson,39,Female,iw@emohig.pw
64,Edna Mason,61,Male,suges@wazpi.ie
65,Dennis Walker,25,Female,egsoktir@tulosliw.mo
66,Isabelle Miller,19,Female,we@avocew.et
67,Cynthia Coleman,38,Female,ra@kahufob.edu
68,Fannie Gross,64,Male,jacpe@ar.mu
69,Lilly Roy,43,Male,segke@biku.ma
70,Bettie Abbott,65,Male,edogupa@roifruf.nc
71,David Jackson,34,Female,aw@kahit.tf
72,Minerva Willis,28,Male,sozcodke@ji.dz
73,Cecelia Armstrong,60,Male,acuke@ce.ne
74,Bryan Fitzgerald,57,Female,efe@bibeese.gov
75,Don Reid,58,Female,jomo@fudsuto.su
76,Sophie Hayes,37,Female,val@nib.pw
77,Florence Tate,36,Female,furzi@saaw.pn
78,Daisy George,64,Male,pundowod@arim.ax
79,Alberta Schultz,35,Male,biujzuc@gap.ua
80,Lura Sanders,62,Male,fi@ru.mh
81,Della Johnson,53,Female,zimfunib@odore.ba
82,Noah Bowers,50,Female,tu@humej.zm
83,Frances Davidson,34,Male,keoso@ojuweime.mh
84,Henry Paul,62,Male,vistujo@dum.sr
85,Millie McDonald,44,Female,luajbop@pun.tg
86,Alan Nelson,41,Male,ez@iredofa.eg
87,Trevor Willis,57,Female,tefekoda@vatmecez.to
88,Charles French,63,Male,fadobi@afo.vi
89,George Woods,26,Male,egseoza@tezin.pn
90,Vernon Simon,61,Female,bilzetow@jijabeika.gd
91,Randy Brooks,46,Male,vezjawi@kotduc.au
92,Eliza Strickland,45,Male,agsotec@salkuv.us
93,Ray Jones,26,Female,wawri@ormu.vu
94,Gordon Dennis,19,Female,gukhisiv@jaiho.mg
95,Chris Harmon,56,Female,ji@vunor.wf
96,Luella Price,39,Male,zopwid@enaalesu.be
97,Howard Phelps,55,Male,ijudo@dohde.mv
98,Carl Hardy,47,Female,patoprab@kigap.ge
99,Nora Tucker,40,Female,noow@ihogorri.pl
100,Elijah Munoz,42,Female,tepuba@famlobag.ht
